-- phpMyAdmin SQL Dump
-- version 5.1.0
-- https://www.phpmyadmin.net/
--
-- Хост: 127.0.0.1
-- Время создания: Ноя 19 2023 г., 16:39
-- Версия сервера: 10.4.18-MariaDB
-- Версия PHP: 8.0.3

SET SQL_MODE = "NO_AUTO_VALUE_ON_ZERO";
START TRANSACTION;
SET time_zone = "+00:00";


/*!40101 SET @OLD_CHARACTER_SET_CLIENT=@@CHARACTER_SET_CLIENT */;
/*!40101 SET @OLD_CHARACTER_SET_RESULTS=@@CHARACTER_SET_RESULTS */;
/*!40101 SET @OLD_COLLATION_CONNECTION=@@COLLATION_CONNECTION */;
/*!40101 SET NAMES utf8mb4 */;

--
-- База данных: `z579`
--

-- --------------------------------------------------------

--
-- Структура таблицы `p2p`
--

CREATE TABLE `p2p` (
  `Id` int(11) NOT NULL,
  `IdUser` int(11) NOT NULL,
  `Type` tinyint(1) NOT NULL,
  `Rate` float NOT NULL,
  `AvailableCurrency` float NOT NULL,
  `IdPayment` int(11) NOT NULL,
  `Description` varchar(255) NOT NULL,
  `isActive` int(11) NOT NULL
) ENGINE=InnoDB DEFAULT CHARSET=utf8mb4;

--
-- Дамп данных таблицы `p2p`
--

INSERT INTO `p2p` (`Id`, `IdUser`, `Type`, `Rate`, `AvailableCurrency`, `IdPayment`, `Description`, `isActive`) VALUES
(1, 15, 0, 103, 604.2, 5, 'test11', 1),
(2, 15, 0, 103.2, 610.25, 1, 'test11', 0),
(3, 17, 1, 110.1, 490.4, 1, 'отсутствуют', 1),
(6, 15, 0, 103, 604.2, 5, 'test11', 2);

-- --------------------------------------------------------

--
-- Структура таблицы `payment`
--

CREATE TABLE `payment` (
  `Id` int(11) NOT NULL,
  `Name` varchar(100) NOT NULL
) ENGINE=InnoDB DEFAULT CHARSET=utf8mb4;

--
-- Дамп данных таблицы `payment`
--

INSERT INTO `payment` (`Id`, `Name`) VALUES
(1, 'Tinkoff'),
(2, 'Sberbank'),
(3, 'Alfa Bank'),
(4, 'QIWI'),
(5, 'Rosbank');

-- --------------------------------------------------------

--
-- Структура таблицы `request`
--

CREATE TABLE `request` (
  `Id` int(11) NOT NULL,
  `Name` varchar(100) NOT NULL,
  `Surname` varchar(100) NOT NULL,
  `Description` varchar(255) NOT NULL,
  `Status` int(11) NOT NULL,
  `IdUser` int(11) NOT NULL
) ENGINE=InnoDB DEFAULT CHARSET=utf8mb4;

--
-- Дамп данных таблицы `request`
--

INSERT INTO `request` (`Id`, `Name`, `Surname`, `Description`, `Status`, `IdUser`) VALUES
(1, '123', 'Попов', 'test11', 1, 15),
(2, '123', 'Попов', 'test11', 2, 15),
(3, '123', 'Попов', 'test11', 0, 15);

-- --------------------------------------------------------

--
-- Структура таблицы `role`
--

CREATE TABLE `role` (
  `Id` int(11) NOT NULL,
  `Name` varchar(11) NOT NULL
) ENGINE=InnoDB DEFAULT CHARSET=utf8mb4;

--
-- Дамп данных таблицы `role`
--

INSERT INTO `role` (`Id`, `Name`) VALUES
(1, 'User'),
(2, 'Admin');

-- --------------------------------------------------------

--
-- Структура таблицы `user`
--

CREATE TABLE `user` (
  `Id` int(11) NOT NULL,
  `Name` varchar(100) NOT NULL,
  `Surname` varchar(100) NOT NULL,
  `Email` varchar(100) NOT NULL,
  `Password` varchar(255) NOT NULL,
  `Photo` blob NOT NULL,
  `isBlocked` tinyint(1) NOT NULL,
  `IdRole` int(11) NOT NULL
) ENGINE=InnoDB DEFAULT CHARSET=utf8mb4;

--
-- Дамп данных таблицы `user`
--

INSERT INTO `user` (`Id`, `Name`, `Surname`, `Email`, `Password`, `Photo`, `isBlocked`, `IdRole`) VALUES
(1, 'Олег', 'Монгол', 'oleg.mongol@yandex.ru', '$2y$12$lEmmqZ/cVru2TN2nXL1mcecslqQVzfkTRVvSnIT84GxjcBQ8cDxfq', '', 1, 1),
(15, '123', 'Попов', '123@mail.ru', '$2y$12$lEmmqZ/cVru2TN2nXL1mcecslqQVzfkTRVvSnIT84GxjcBQ8cDxfq', 0x89504e470d0a1a0a0000000d49484452000001f4000001f4080200000044b448dd000001376943435041646f6265205247422028313939382900002891958fbf4ac3501487bf1b45c5a15608e2e0702751506cd5c18c495b8a2058ab4392ad49439562126eae7ffa108e6e1d5cdc7d022747c141f1097c03c5a98343840c058bdff49ddf391cce01a362d79d865186f358ab76d391aee7cbd917669802804e98a576ab7500102771c418dfef0880d74dbbee34c6fb7f321fa64a032360bb1b6521880ad0bfd2a9063104cca09f6a100f80a94eda35104f40a997fb1b500a72ff004acaf57c105f80d9733d1f8c39c00c725f014c1d5d6b805a920ed459ef54cbaa6559d2ee2641248f07998ece33b91f87894a13d5d15117c8ef0360311f6c371db956b5acbdf57ffe3d11d7f3656e9f4708402c3d17594178a12e7f55183b93eb62c770190eef617a5464bb3770b7010bb745b65a85f2163c0e7f00c0c64ffdf3533fc8000000097048597300000b1300000b1301009a9c180000064a69545874584d4c3a636f6d2e61646f62652e786d7000000000003c3f787061636b657420626567696e3d22efbbbf222069643d2257354d304d7043656869487a7265537a4e54637a6b633964223f3e203c783a786d706d65746120786d6c6e733a783d2261646f62653a6e733a6d6574612f2220783a786d70746b3d2241646f626520584d5020436f726520362e302d633030362037392e3136343735332c20323032312f30322f31352d31313a35323a31332020202020202020223e203c7264663a52444620786d6c6e733a7264663d22687474703a2f2f7777772e77332e6f72672f313939392f30322f32322d7264662d73796e7461782d6e7323223e203c7264663a4465736372697074696f6e207264663a61626f75743d222220786d6c6e733a786d703d22687474703a2f2f6e732e61646f62652e636f6d2f7861702f312e302f2220786d6c6e733a786d704d4d3d22687474703a2f2f6e732e61646f62652e636f6d2f7861702f312e302f6d6d2f2220786d6c6e733a73744576743d22687474703a2f2f6e732e61646f62652e636f6d2f7861702f312e302f73547970652f5265736f757263654576656e74232220786d6c6e733a70686f746f73686f703d22687474703a2f2f6e732e61646f62652e636f6d2f70686f746f73686f702f312e302f2220786d6c6e733a64633d22687474703a2f2f7075726c2e6f72672f64632f656c656d656e74732f312e312f2220786d703a43726561746f72546f6f6c3d2241646f62652050686f746f73686f702032322e33202857696e646f7773292220786d703a437265617465446174653d22323032332d30392d31365431313a35333a32302b30333a30302220786d703a4d65746164617461446174653d22323032332d30392d31365431313a35333a32302b30333a30302220786d703a4d6f64696679446174653d22323032332d30392d31365431313a35333a32302b30333a30302220786d704d4d3a496e7374616e636549443d22786d702e6969643a31383231663861662d653261342d316334352d393538632d3038313061396130323563342220786d704d4d3a446f63756d656e7449443d2261646f62653a646f6369643a70686f746f73686f703a34373337613238372d663939642d633034662d623765612d3033643965666337643661382220786d704d4d3a4f726967696e616c446f63756d656e7449443d22786d702e6469643a33393939373431352d396561662d626434362d393539372d323862666163316362316133222070686f746f73686f703a436f6c6f724d6f64653d2233222064633a666f726d61743d22696d6167652f706e67223e203c786d704d4d3a486973746f72793e203c7264663a5365713e203c7264663a6c692073744576743a616374696f6e3d2263726561746564222073744576743a696e7374616e636549443d22786d702e6969643a33393939373431352d396561662d626434362d393539372d323862666163316362316133222073744576743a7768656e3d22323032332d30392d31365431313a35333a32302b30333a3030222073744576743a736f6674776172654167656e743d2241646f62652050686f746f73686f702032322e33202857696e646f777329222f3e203c7264663a6c692073744576743a616374696f6e3d227361766564222073744576743a696e7374616e636549443d22786d702e6969643a31383231663861662d653261342d316334352d393538632d303831306139613032356334222073744576743a7768656e3d22323032332d30392d31365431313a35333a32302b30333a3030222073744576743a736f6674776172654167656e743d2241646f62652050686f746f73686f702032322e33202857696e646f777329222073744576743a6368616e6765643d222f222f3e203c2f7264663a5365713e203c2f786d704d4d3a486973746f72793e203c70686f746f73686f703a546578744c61796572733e203c7264663a4261673e203c7264663a6c692070686f746f73686f703a4c617965724e616d653d22455343222070686f746f73686f703a4c61796572546578743d22455343222f3e203c2f7264663a4261673e203c2f70686f746f73686f703a546578744c61796572733e203c2f7264663a4465736372697074696f6e3e203c2f7264663a5244463e203c2f783a786d706d6574613e203c3f787061636b657420656e643d2272223f3e1b72b5760000105849444154789cedddf151db58a3c6e1b3776e03da124c09a604538229c1946097404a3025e0124c097609b8045c82ee1f62d87c9bdc2f48962cf1f23c73269399dd2029647e1647d2d15f750120cdff8cbd0300f44fdc0102893b402071070824ee0081c41d2090b8030412778040e20e1048dc0102893b402071070824ee0081c41d2090b8030412778040e20e1048dc0102893b402071070824ee0081c41d2090b8030412778040e20e1048dc0102893b402071070824ee0081c41d2090b8030412778040e20e1048dc0102893b402071070824ee0081c41d2090b8030412778040e20e1048dc0102893b402071070824ee0081c41d2090b8030412778040e20e1048dc0102893b402071070824ee0081c41d2090b8030412778040e20e1048dc0102893b402071070824ee0081c41d2090b8030412778040e20e1048dc0102893b402071070824ee0081c41d2090b8030412778040e20e1048dc0102893b402071070824ee0081c41d2090b8030412778040e20e1048dc0102893b402071070824ee0081c41d2090b8030412778040e20e1048dc0102893b402071070824ee0081c41d2090b8030412778040e20e1048dc0102893b402071070824ee0081c41d2090b8030412778040e20e1048dc0102893b402071070824ee0081c41d2090b8030412778040e20e1048dc0102893b402071070824ee0081c41d2090b8030412778040e20e1048dc0102893b402071070824ee0081c41d2090b8030412778040e20e1048dc0102893b402071070824ee0081c41d2090b8030412778040e20e1048dc0102893b402071070824ee0081c41d2090b8030412778040e20e1048dc0102893b402071070824ee0081c41d2090b8030412778040e20e1048dc0102893b402071070824ee0081c41d2090b8030412778040e20e1048dc0102893b402071070824ee0081c41d2090b8030412778040e20e1048dc0102893b402071070824ee0081c41d2090b8030412778040e20e1048dc0102893b402071070824ee0081c41d2090b8030412778040e20e1048dc0102893b402071070824ee0081c41d2090b8030412778040e20e1048dc0102893b402071070824ee0081c41d2090b8030412778040e20e1048dc0102893b402071070824ee0081c41d2090b8030412778040e20e1048dc0102893b40a0ff1d7b07e032b35999cdca7cfecfef7f763a95d3a994528ec77f7eff252c16a5aade0f67b1f88fff743e97e3b194524ea7723e97979711768fc9fbab1e7b0fe8d3e3e37be6a663b3792f518fe6f3b25894c5a2cce7a5aa5afcc12685c763d9eda618fae6a09ae36ae578fce7b8a0511b4963bfafa766b1e8ede8aaaa5eafebd7d77e76ec70a8d7ebbaaac6ffaecde7f5765bbfbdf5735cdb6dbd5c8e7f50c6d863fc3d30fa1ca9719fcdeaed7690dd7b7b1b33f18bc550dfb2d7d77ab51aff1fa431de187f0f8c3e475edcabaa7e7c1c7c279bc45ff33b355cd67f26f1df788cbf07469f232cee8b456f93309fb1df5fe314beaa86fa29e4bf1cd76c36fe3f4ee3bac3ad904cd57a5df6fb7fdffd32a8c5a2bcbe0e7b45bad9c46a35e0267ebbd1c3e1da1b656ce2ce246db7e5f17184ed56d5801d6c3eae5addded397aa2adb6dd96e47d834231177a667bb1df93473bbfdf7ade5bd7ccd513eae7eb65a95ed769c4f17ae4edc9998d1cbde787eee737e662207554a59adcaf3f3d83bc135883b53b25a4d2582cd3c462fa653f6c662617ee63b10772663361b7fe2e267f37959af2ffd22ebf5b4cade58ad7a3834a64ddc998c094e073f3e5e74bbce7239ad8fab9f3d3ef67f5d8129b17018d3d0aca9d2cdc78a31bf2e62339b95aa2acb65f709f4f5ba3c3c74f983b3d9d4673fb6db727b5bcee7b1f783618c7ea7bdd1e768f510d37e3ffe0e7f8c6ecff57cfe09ccd9ac5eaf3baedfd2edc9a6cb1f287b7eaed7ebdf3f05369bd5cb65fdf878e9435e577e2ed7b8e2187f0f8c3ec7178d7b557509d376db3abbb3597d38b4de508727f857ab2e47d468bbdccd7279d10789875743c7f87b60f439be68dc3ba4b0f3296755d5cfcfedb6f5fcdc7a139d9778ecf089f5f177d86da3dbedf8ff008c01c6f87b60f439be68dcdbcec95cb8e755d57a36a3d5d75fafdb7df1c6dbdba58b7c75fbb9a4ee3aef644c7bb85b8609687b47ca8f1f176dee7c6e7d8df4f3d763abaacb5d86e773b9bb2b4f4fadffe0cf4ea77277d7e5d52813bc59938b893b13d0ea3e99d3a98717cbbdbcb47b13d3e7efd15cadbadcd0d92dcabf3a9fcbfd7deb1b60c43d91b8f3d5f4f57abc566fa4fbfc997b87d3f687873edf44783ab5feb9e4e325b4041177beabdedfec5a3a9db6ef7697cec6fcf66bb6fde1c6034d713cc4c477f5f252eeee3efb3f7ff2c785b6893c9fcb66d3ee8f7cd28f1fed7666b1b8f44a061323ee7c357d4d2034cfb5f6a87914b6951f3f7a9b65fa97e6a2c2e7af543b738f635a86afa6dbed2857d0a18fbd4fc8fcacd54585d2dfa726d320ee4c40dbb3d7f57a8a256abb4b4f4fc3aeebd2f6e792a9addac6654ccb3001ad26104a295555f6fbde6e1fec4bdb33f77e27857e753cb6dbc4355f57cbf0c49d097879695dc6e665a79bcde0e7bf9fd7eaccfd7c6e3d6dd256f36014df95691926a0f339ece363797d2debf5f8679d533b6de7db137726e0b74bb17f5255bd27fef9b9ac56a355beed762735a1442271671a2ebf6f64b92cdb6d797d2dafafefaf2dbde645d7b65723c59d81fd558fbd07f469bf6f313f703e0f9898e3b1f5e3398743ff39fe784953f3eb70dabe05fbefbfa772a980502ea87e635535ad47571e1ecae1d0f3d76c1e2cfa78b668b72bc763d9edfa7f74a8edb48cb23330d3324cc6f1d8f16da59fd7bcb1faf5b51c0e635e86753595e1893b53f2f43478df1bf3f93f97617bf9f165f4db75e03f893b1373b5be3796cbb2dfb7bb56f15be2cec4883bd3f3f4546e6f875a51ebb7168bf7c46b3429c49d493a1ecbededb517a15d2cdee7e2e1eb1377a6aa59ebfceeeeaa971f9b47a2b6dbeb6d118621ee4c5bf34a8d2b277eb52a87835512f9d2c49dafa049fccdcd806fb7f897f9bcecf72dfe7ff7ad3331e2ced7713a95cda6dcdcbc4fc70ffd04ff7cde627ec672024c8c2754f9823e161a6b1eb29dcfdf7feddd6a555e5efa5f9bd73d390c4fdcf9ca9a55d19bf80e14faedb6bcbcf43ceb22ee0ccfb4cc37f6f252fefa6ba871fdd74434a1df6ccaed6df9fbef727fdfcf047d557d6a45b0b6d77b27f89a40b2883b893e42ff31417f49e5d7ebfeef9c71f2cec0c49d74cde2c33737e5febee3fd94cdd2927fdc4a2bcedc1998b8f36dec76e5eeaedcdf779940ffe3ca336de33ea9c5964924ee7c334de2dbb6f88f67eee773bb999ff9dccc0c8372b70cdf4fb370fc7edf6e267d3effc347c2cb4bbb97312d97c32e9e339bb55b4761b7ebe165874c86b8f32d1d8fe5e9a9dd1a617ffc2468fbd3c06a356cdc178b76933f575ea68d81893ba3fafc23fee773b9bfef73d3bb5dbbb8cfe77fb81edbf66aed6c5656ab014f96db4eeb5f738d658627ee8c6ac4eb8abd2f18703a95e3b1dd6d30ebf55071ffcc1d3e3f3b9dc43d8c0baa8caaed45c8896bbb50c16c36d4f2f1ad66ff8bd7ba06127746d52aeead4e45ff68889b553a9c86afd7fd7f6875f8cc10f738e2cea8468c7bdb19a1cfdc1d7f3eb7ee7b5595edb6e72760db7ec1e6815eb2883ba36a15f77e2731da7e547c72573b54b2593bbeafbe6fb7ad3fb7943d526d248dfdbefebcfd7efc1d9ecf5bec705dd76f6ff57cdec37657ab76dbadeb7a361be4bbf0e170a8abead2e3da6ebb6cfaf387667c9d31fe1e187d8e2f17f752eab7b77625babceff379eb8dbebeb6fbfaddbcbdd58b45c7839acd3a7ea86cb7e3ff1b300618a665185bdb3981aa2afb7df7f999d5aacb1c48abeb8dc763c707829a43dbefdb5d62adaab25e97c3a1e37da59e5d4a35fac78bd1e7f88a67ee8b4597f3cd66ff97cb761bea766e5bd7ed36544a5d55ad7f38f897c3a15eafffdb844955d5cb65bddd5eb4a1c7c7f1ff0118c38cbfeab13f5de8d37edfe2f4ed7cbec69b3f3fb362c9e1d0fd76c0d3a9ec76ef2fdefbf59a6755bdbf9b69b9ec7eefe3e9546e6e5affa9e5b23c3f77dce2cf3ebe4dc763399fcb7c5eaaaacc663ddcca793a95db5baff68e35fac78bd1e7e87c663a9cf5facfbbbd5cf6b9c5c3a1e7bf87cf1cc26fc7e3639fbbd1bbcef3fbc65718e6dc9980ddaecf87689a53f5be9c4edd67a5379b6bfc6cd4cd66e3c1a56ce2ce343c3c4c747e60b3b9e88f77583bfe0a9e9e5c478d27ee4cc3e9541e1ec6de895ffcf871e9033ee7f3e43eb79e9ea6f8574ddfc49dc9685e693d1dcdcb577bf93ad3397f57f66f43dc99921f3fa6f232a0a6c8fd7eb5d1fbaeecdf89b833310f0fe307a879cf6abf7329e773b9bd1d73a67bb319ff2f962b1277a6e7e9a9dcdd8df6ee88cda6dcdf0f354b3ee817ffff1c8f237fae30067167925e5e46e8d17522b8db959b9b2b1ddaf95c369b727b3bfe8c105727ee4c5513a69b9b6bccc237f7ea5c2d825738b48f4d3861ffb6467f8ccae8737cd12754ff3866b3faf1f1d2d55a7eebf9b95eadc6fc96cd66f57a5dbfbef67644afaff57addc3eac1c6171fd696c9d26a6d99ebd86cfa3c795c2cdec725afa63b9fcbcb4b391ecb6e37a1b7422f97653eefbe06cef1585e5ede97d90171e7ab6a56046b56d16a42dffcfe57a753399dde97df6a7e9d78fe3e0ead591dece3007fd61c4b7368cd114dea39292640dc0102b9a00a1048dc0102893b402071070824ee0081c41d2090b8030412778040e20e1048dc0102893b402071070824ee0081c41d2090b8030412778040e20e1048dc0102893b402071070824ee0081c41d2090b8030412778040e20e1048dc0102893b402071070824ee0081c41d2090b8030412778040e20e1048dc0102893b402071070824ee0081c41d2090b8030412778040e20e1048dc0102893b402071070824ee0081c41d2090b8030412778040e20e1048dc0102893b402071070824ee0081c41d2090b8030412778040e20e1048dc0102893b402071070824ee0081c41d2090b8030412778040e20e1048dc0102893b402071070824ee0081c41d2090b8030412778040e20e1048dc0102893b402071070824ee0081c41d2090b8030412778040e20e1048dc0102893b402071070824ee0081c41d2090b8030412778040e20e1048dc0102893b402071070824ee0081c41d2090b8030412778040e20e1048dc0102893b402071070824ee0081c41d2090b8030412778040e20e1048dc0102893b402071070824ee0081c41d2090b8030412778040e20e1048dc0102893b402071070824ee0081c41d2090b8030412778040e20e1048dc0102893b402071070824ee0081c41d2090b8030412778040e20e1048dc0102893b402071070824ee0081c41d2090b8030412778040e20e1048dc0102893b402071070824ee0081c41d2090b8030412778040e20e1048dc0102893b402071070824ee0081c41d2090b8030412778040e20e1048dc0102893b402071070824ee0081c41d2090b8030412778040e20e1048dc0102893b402071070824ee0081c41d2090b8030412778040e20e1048dc0102893b402071070824ee0081c41d2090b8030412778040e20e1048dc0102893b402071070824ee0081c41d2090b8030412778040e20e1048dc0102893b402071070824ee0081c41d2090b8030412778040e20e1048dc0102893b402071070824ee0081c41d2090b8030412778040e20e1048dc0102893b402071070824ee0081c41d2090b8030412778040e20e1048dc0102893b4020710708f47f8e479903faf9ebb80000000049454e44ae426082, 0, 1),
(17, 'zxc', 'kure', 'zxc@mail.ru', '$2y$12$h4/Q4/9e0HY0HmEUHSVxkenWJ9PWjZKBPCCUVEYZYaG71jAtbHzOO', 0x89504e470d0a1a0a0000000d494844520000026200000428080200000026272581000001376943435041646f6265205247422028313939382900002891958fbf4ac3501487bf1b45c5a15608e2e0702751506cd5c18c495b8a2058ab4392ad49439562126eae7ffa108e6e1d5cdc7d022747c141f1097c03c5a98343840c058bdff49ddf391cce01a362d79d865186f358ab76d391aee7cbd917669802804e98a576ab7500102771c418dfef0880d74dbbee34c6fb7f321fa64a032360bb1b6521880ad0bfd2a9063104cca09f6a100f80a94eda35104f40a997fb1b500a72ff004acaf57c105f80d9733d1f8c39c00c725f014c1d5d6b805a920ed459ef54cbaa6559d2ee2641248f07998ece33b91f87894a13d5d15117c8ef0360311f6c371db956b5acbdf57ffe3d11d7f3656e9f4708402c3d17594178a12e7f55183b93eb62c770190eef617a5464bb3770b7010bb745b65a85f2163c0e7f00c0c64ffdf3533fc8000000097048597300000b1300000b1301009a9c18000005c869545874584d4c3a636f6d2e61646f62652e786d7000000000003c3f787061636b657420626567696e3d22efbbbf222069643d2257354d304d7043656869487a7265537a4e54637a6b633964223f3e203c783a786d706d65746120786d6c6e733a783d2261646f62653a6e733a6d6574612f2220783a786d70746b3d2241646f626520584d5020436f726520362e302d633030362037392e3136343735332c20323032312f30322f31352d31313a35323a31332020202020202020223e203c7264663a52444620786d6c6e733a7264663d22687474703a2f2f7777772e77332e6f72672f313939392f30322f32322d7264662d73796e7461782d6e7323223e203c7264663a4465736372697074696f6e207264663a61626f75743d222220786d6c6e733a786d703d22687474703a2f2f6e732e61646f62652e636f6d2f7861702f312e302f2220786d6c6e733a786d704d4d3d22687474703a2f2f6e732e61646f62652e636f6d2f7861702f312e302f6d6d2f2220786d6c6e733a73744576743d22687474703a2f2f6e732e61646f62652e636f6d2f7861702f312e302f73547970652f5265736f757263654576656e74232220786d6c6e733a64633d22687474703a2f2f7075726c2e6f72672f64632f656c656d656e74732f312e312f2220786d6c6e733a70686f746f73686f703d22687474703a2f2f6e732e61646f62652e636f6d2f70686f746f73686f702f312e302f2220786d703a43726561746f72546f6f6c3d2241646f62652050686f746f73686f702032322e33202857696e646f7773292220786d703a437265617465446174653d22323032332d30392d31365431323a31343a30382b30333a30302220786d703a4d65746164617461446174653d22323032332d30392d31365431323a31343a30382b30333a30302220786d703a4d6f64696679446174653d22323032332d30392d31365431323a31343a30382b30333a30302220786d704d4d3a496e7374616e636549443d22786d702e6969643a30306331363531312d633738392d306634632d623638312d6635333166643730356466332220786d704d4d3a446f63756d656e7449443d2261646f62653a646f6369643a70686f746f73686f703a32373938363162362d633234322d303634392d393535312d3138363937333666356166302220786d704d4d3a4f726967696e616c446f63756d656e7449443d22786d702e6469643a66376638336331662d363164322d313334312d386332652d383239336438626635623831222064633a666f726d61743d22696d6167652f706e67222070686f746f73686f703a436f6c6f724d6f64653d2233223e203c786d704d4d3a486973746f72793e203c7264663a5365713e203c7264663a6c692073744576743a616374696f6e3d2263726561746564222073744576743a696e7374616e636549443d22786d702e6969643a66376638336331662d363164322d313334312d386332652d383239336438626635623831222073744576743a7768656e3d22323032332d30392d31365431323a31343a30382b30333a3030222073744576743a736f6674776172654167656e743d2241646f62652050686f746f73686f702032322e33202857696e646f777329222f3e203c7264663a6c692073744576743a616374696f6e3d227361766564222073744576743a696e7374616e636549443d22786d702e6969643a30306331363531312d633738392d306634632d623638312d663533316664373035646633222073744576743a7768656e3d22323032332d30392d31365431323a31343a30382b30333a3030222073744576743a736f6674776172654167656e743d2241646f62652050686f746f73686f702032322e33202857696e646f777329222073744576743a6368616e6765643d222f222f3e203c2f7264663a5365713e203c2f786d704d4d3a486973746f72793e203c2f7264663a4465736372697074696f6e3e203c2f7264663a5244463e203c2f783a786d706d6574613e203c3f787061636b657420656e643d2272223f3e3e89fb11000019e749444154789cedddcd8f5d6501c7f1d3329dde364c6b071ab403a46949884a1a70ea4b62080aec880b8d06125b13256efc37f8334c134c8951379aa82b206a8cc1b73a9b06da0569a36514db5e208374663a888b1a5f805f5f66eeb9cf73cef97cb69d3ecf2f69da6fcedcdb3bdb9e79e6990600f830db4b0f00807ac9240044320900914c024024930010c9240044320900914c024024930010c9240044320900914c024024930010c9240044320900914c024024930010c9240044320900914c024024930010c9240044320900914c024024930010c9240044320900914c024024930010c9240044320900914c024024930010c9240044320900914c024024930010c9240044320900914c024024930010c9240044320900914c024024930010c9240044320900914c024024930010c9240044320900914c024024930010c9240044320900914c024024930010c9240044320900914c024024930010c9240044320900914c024024930010c9240044320900914c024024930010c9240044320900914c024024930010c9240044320900914c024024930010c9240044320900914c024024930010c9240044320900914c024024930010c9240044320900914c024024930010c9240044320900914c024024930010c9240044320900914c024024930010c9240044320900914c024024930010c9240044320900914c024024930010c9240044320900914c024024930010c9240044320900914c024024930010c9240044320900914c024024930010c9240044320900914c024024930010c9240044320900914c024024930010c9240044320900914c024024930010c9240044320900914c024024930010c9240044320900914c024024930010c9240044320900914c024024930010c9240044320900914c024034537a0040a5b66ddbb6b0b070e8d0a103070ecccfcfefdebd7b341a354db3babaface3bef8cc7e3e5e5e573e7ce5db870e1bdf7de2b3d96b66c7be699674a6f00a8cbae5dbb1617171f7ae8a1bd7bf7def08bdf7aebada5a5a553a74e5db972650adb98b2db1e7df4d1d21b006ab17dfbf6cf7ce6335ffbdad7eebbefbe6bcf8e37341a8d0e1e3cb8b8b8f8eebbeffef5af7ff564d9333209f06f1ff9c8479e7aeaa9071f7c7066e6965f909a9999397cf8f0a14387ce9f3fbfbabadac63c8af0161e80a6699a858585a79f7e7a6161a1f821544526019a85858563c78eeddab56beb47eddab5ebd8b1634ad91b32090cdddebd7b9f7cf2c91d3b764ceac01d3b763cf9e49337f3f61fea2793c0a06ddfbefdcb5ffef2eeddbb277beceeddbbbff295af6cdfeedfd8cef347080cdae2e2e2dd77dfddc6c90b0b0b8b8b8b6d9ccc34c924305ca3d1e891471e69effc2f7ce10b37f9bf4aa8964c02c3b5b8b8d86ac676eedce981b2eb641218ae071f7cb00757d02a9904066a616161dfbe7d6ddfb26fdfbe965efb643a641218a883070ff6ec22da2093c0404ded21cf470d749a4c0203353f3fdfb38b68834c020375fbedb7f7ec22da2093c040cdcecef6ec22da2093c0406ddbb6ad6717d1069904804826012092490088641200229904804826012092490088641200229904804826012092490088641200229904804826012092490088641200229904804826012092490088641200229904804826012092490088641200229904804826012092490088641200229904804826012092490088641200229904804826012092490088641200229904804826012092490088641200229904804826012092490088641200229904804826012092490088641200229904804826012092490088641200229904804826012092490088641200229904804826012092490088641200229904804826012092490088641200229904804826012092490088641200229904804826012092490088641200229904804826012092490088641200229904804826012092490088641200229904804826012092490088641200229904804826012092490088641200229904804826012092490088641200229904804826012092490088641200229904804826012092490088641200229904804826012092490088641200229904804826012092490088641200229904804826012092490088641200229904804826012092490088641200229904804826012092490088641200229904804826012092490088641200229904804826012092490088641200229904804826012092490088641200229904804826012092490088641200229904804826012092490088641200229904804826012092490088641200229904804826012092490088641200229904804826012092490088641200229904804826012092490088641200229904804826012092490088641200229904804826012092490088641200229904804826012092490088641200229904804826012092490088641200229904804826012092490088641200229904804826012092490088641200229904804826012092490088641200229904804826012092490088641200229904804826012092490088641200229904804826012092490088641200229904804826012092490088641200229904804826012092490088641200229904804826012092490088641200229904804826012092490088641200229904804826012092490088641200229904804826012092490088641200229904804826012092490088641200229904804826012092490088641200229904804826012092490088641200229904804826012092490088641200229904804826012092490088641200229904804826012092490088641200229904804826012092490088641200229904804826012092490088641200229904804826012092490088641200229904804826012092490088641200229904804826012092490088641200229904804826012092490088641200229904804826012092490088641200229904804826012092490088641200229904804826012092490088641200229904804826012092490088641200229904804826012092490088641200229904804826012092490088641200229904804826012092490088641200229904804826012092490088641200229904804826012092490088641200229904804826012092490088641200229904804826012092490088641200229904804826012092490088641200229904804826012092490088641200229904804826012092490088641200229904804826012092490088641200229904804826012092490088641200229904804826012092490088641200229904804826012092490088641200229904804826012092490088641200229904804826012092490088641200229904804826012092490088641200229904804826012092490088641200229904804826012092490088641200229904804826012092490088641200229904804826012092490088641200229904804826012092490088641200229904804826012092490088641200229904804826012092490088641200229904804826012092490088641200229904804826012092490088641200229904804826012092490088641200229904804826012092490088641200229904804826012092490088641200229904804826012092490088641200229904804826012092490088641200229904804826012092490088641200229904804826012092490088641200229904804826012092490088641200229904804826012092490088641200229904804826012092490088641200229904804826012092490088641200229904804826012092490088641200229904804826012092490088641200229904804826012092490088641200229904804826012092490088641200229904804826012092490088641200229904804826012092490088641200229904804826012092490088641200229904804826012092490088641200229904804826012092490088641200229904804826012092490088641200229904804826012092490088641200229904804826012092490088641200229904804826012092490088641200229904804826012092490088641200229904804826012092490088641200229904804826012092490088641200229904804826012092490088641200229904804826012092490088641200229904804826012092490088641200229904804826012092490088641200229904804826012092490088641200229904804826012092490088641200229904804826012092490088641200229904804826012092490088641200229904804826012092490088641200229904804826012092490088641200229904804826012092490088641200229904804826012092490088641200229904804826012092490088641200229904804826012092490088641200229904804826012092490088641200a299d203a00a77de79e7a14387eeb9e79ef9f9f93d7bf6cccece6e6c6cacafaf5fbe7cf9e2c58be7cf9f3f77eedcfafa7ae999c0b4c9248376db6db71d3972e4e8d1a377dd75d7077f69e7ce9d737373070f1efcf4a73fbdbebe7ee6cc99975e7ae9e2c58b45a60245c824c3f5894f7ce2b1c71edbbb77efcd7cf1ececec9123478e1c3972faf4e9175e78e1edb7df6e7b1e500399648846a3d1134f3cf1f18f7f7c13bff781071eb8efbefb7ef6b39f9d397366e2c380da780b0f83b377efde6f7ef39b9b6be435a3d1e8ab5ffdeac30f3f3cc155409d3c4d322cf3f3f3c78f1f9f9b9bdbfa518f3cf2c868347afef9e7b77e14502d4f930cc8041b79cd673ffbd92f7ef18b933a0da8904c3214136fe4359ffffce7b7f2fd5ba07232c920b4d4c86b9e78e289964e068a9349faafd546364d331a8d1e7ffcf1960e07ca92497aaeed465ef3c94f7ef2a31ffd68ab570045c8247d369d465ef3b9cf7d6e0ab700532693f4d6341bd934cdfdf7df3f3b3b3b9dbb80a99149fa69ca8d6c9a66c78e1d870f1f9eda75c074c8243d34fd465e73efbdf74ef946a06d3249df946a64d3341ffc312340d7c924bd52b0914dd3ecdbb7afc8bd407b6492fe28dbc8a66976eedc59ea6aa02532494f146f64d33433337e9600f48d4cd2073534b2699af5f5f5b203808993493aaf9246364db3b2b2527a0230613249b7d5d3c8a6692e5fbe5c7a02306132498755d5c8a6692e5cb8507a023061324957d5d6c8a6695e7df5d5d213800993493aa9c2465eba74e9e2c58ba55700132693744f858d6c9ae6d4a953a52700932793744c9d8d5c5959595a5a2abd02983c99a44bea6c64d3342fbef8e2c6c646e915c0e4c9249d516d23cf9e3d7bfaf4e9d22b8056c824dd506d23c7e3f14f7ffad3d22b80b6c8241d506d235756567ef0831facaeae961e02b44526a95dcd8d7ceeb9e7c6e371e921408b6492aa55de489f4e07bd2793d44b2381e264924a692450033f45961ad5dcc893274f7a3d1286c3d324d5d148a01e32495d3412a88a4c52118d046a2393d44223810ac92455d048a04e3249791a09544b26294c23819ac924256924503999a4188d04ea279394a1914027c824056824d01532c9b46924d02132c9546924d02d32c9f46824d03932c9946824d04532c9346824d0513249eb3412e82e99a45d1a09749a4cd2228d04ba4e26698b46023d2093b44223817e9049264f2381de9049264c23813e9149264923819e914926462381fe9149264323815e924926402381be9249b64a23811e9349b64423817e9349364f2381de934936492381219049364323818190496e994602c32193dc1a8d04064526b9051a090c8d4c72b33412182099e4a66824304c32c98d6924305832c90d6824306432c9f5682430703249a4910032c987d348804626f9501a09708d4cf27e1a09f01f32c9ffd14880ff2593fc974602bc8f4cf26f1a09f0413249d36824402093682440249343a79100d7219383a69100d72793c3a5910037249303a59100374326874823016e924c0e8e4602dc3c991c168d04b8253239201a0970ab647228341260136472103412607364b2ff341260d364b2e73412602b64b2cf3412608b64b2b7341260eb64b29f3412602264b2873412605264b26f3412608264b257341260b264b23f341260e264b2273412a00d32d9071a09d01299ec3c8d04688f4c769b4602b44a263b4c2301da36537a009b546d239ba6999b9bfbce77be537a05c004789aeca49a1b09d0279e26bb677e7efe1bdff8c6edb7df5e7a0840ffc964c7cccfcf7feb5bdf1a8d46a587000c824c76c9fcfcfcb7bffded1d3b76941e0230145e9bec0c8d04983e99ec86d168f4f4d34f6b24c094c964377cfdeb5fdfb97367e915008323931d70f4e8d18f7dec63a557000c914cd66e6666e6f1c71f2fbd0260a064b2760f3ffcf0cc8c372403942193b55b5c5c2c3d0160b864b26a070e1cf049020005c964d53c4a0294259355bbf7de7b4b4f00183499ac9acf3707284b26abe63dae0065c964d5b66ddb567a02c0a0c92440bbde7befbdd213d83c99ac9abf5dd003ebebeba527b0793259b58d8d8dd21380adfac73ffe517a029b2793557bfbedb74b4f00b6eaf2e5cba527b0793259b5bffce52fa527005bf5da6baf959ec0e6c964d5fef8c73f969e006cd5f9f3e74b4f60f364b26acbcbcb6b6b6ba557009bf7e69b6f5eb870a1f40a364f266be781123a6d6969a9f404b644266bf7eb5fffdafb5da1a3d6d6d64e9d3a557a055b2293b5dbd8d878f1c5174baf0036e397bffce5eaea6ae9156c894c76c01ffef087e5e5e5d22b805bf3da6baf7994ec0199ec86ef7ffffbdecb031df2ce3beffcf8c73ffee73fff597a085b2593ddb0baba7ae2c489ab57af961e02dcd8d5ab577ff8c31fbef9e69ba587300132d919e3f1f8bbdffdae5242e5ae5cb9f2dc73cff94881de90c92eb9564adf7d856a2d2f2f9f38714223fb44263b663c1e9f3871c22729436dd6d7d75f78e185679f7dd6f75a7b66a6f4006ed9783cfedef7be77fcf8f1b9b9b9d25b80e6adb7de5a5a5a3a75ead4952b574a6f61f264b293c6e3f1c9932795128ad8d8d8b872e5caebafbfbebcbc7ceedcb90b172ef8d1b03d26935d5573295756564e9e3c391e8f4b0f01d82aaf4d76d8b552aeacac941ef27e737373c78f1f9f9f9f2f3d0460ab64b2db9412a05532d9794a09d01e99ec03a50468894cf6845202b44126fb432901264e267b452901264b26fb4629012648267b482901264526fb4929012642267b4b2901b64e26fb4c2901b648267b4e2901b64226fb4f2901364d260741290136472687422901364126074429016e954c0e8b5202dc12991c1ca504b8793239444a0970936472a09412e066c8e4702925c00dc9e4a02925c0f5c9e4d02925c075c8244a0910c9244da39400814cf26f4a09f04132c97f2925c0fbc824ff472901fe974cf27e4a09f01f32c987504a806b64920fa794008d4c721d4a0920935c8f5202032793dc805202432693dc985202832593dc14a504864926b9594a090c904c720b9412181a99e4d62825302832c92d534a60386492cd504a602064924d524a60086492cd534aa0f764922d514aa0df6492ad524aa0c7649209504aa0af6492c9504aa097649289514aa07f649249524aa067649209534aa04f6492c9534aa0376492562825d00f32495b9412e80199a4454a09749d4cd22ea5043a4d26699d5202dd25934c8352021d25934c8952025d24934c8f52029d23934c955202dd22934c9b52021d229314a0944057c824652825d0093249314a09d44f2629492981cac924852925503399a43ca504aa2593544129813ac924b5504aa0423249459412a88d4c5217a504aa2293544729817ac82435524aa0123249a59412a8814c522fa5048a9349aaa69440593249ed6a2ee5b163c79412fa4d26e9806a4bb967cf9ea79e7a6a341a951e02b44526e9866a4b393f3fffa52f7da9f40aa02d324967545bcafbefbfff81071e28bd0268854cd225d596f2b1c71e9b999929bd02983c99a463ea2ce5dcdcdc430f3d547a0530793249f7d459ca4f7dea53a52700932793745285a5dcbf7ffffefdfb4baf00264c26e9aa0a4b79f8f0e1d213800993493aacb652de7df7dda52700132693745b55a5bce38e3b4a4f00264c26e9bc7a4a393737577a02306132491f5452cad9d9d9b203808993497aa286526e6c6c14bc1d68834cd21fc54bb9b6b656ea6aa0253249af942de51b6fbc51e45ea03d3249df142ce5ebafbf3efd4b8156c9243d54aa947ffef39fa77c23d03699a49fa65fcaab57afbefaeaab53bb0e980e99a4b7a65ccab367cfaeafaf4fe72e606a64923e9b66297ffbdbdf4ee11660ca64929e9b4e295f7ef9e5bffded6fad5e01142193f45fdba55c5d5d7dfef9e75b3a1c284b261984564bf9f39fffbcf8e7e4012d914986a2a552fee637bf79e59557267b26500f996440265ecadffdee77bff8c52f26751a5021996458c6e3f1b3cf3e7bf9f2e5ad1ff5ab5ffdca4b92d07bb73dfae8a3a537c054adadad9d3e7d7adfbe7dfbf7efdfdc09ababab3ff9c94ffef4a73f4d761850219964883636365e79e5954b972e1d387060341addd2ef3d7dfaf48f7ef4a3e5e5e596b6015599293d008a79f9e597cf9e3d7be4c891a3478fde75d75dd7ffe2f5f5f53367cebcf4d24b172f5e9cce3ca00632c9a0bdfbeebb4b4b4b4b4b4b77de79e7a14387eeb9e79e3beeb863cf9e3db3b3b31b1b1b6b6b6be3f1f8ef7ffffbf9f3e7cf9d3be7b3e8608064129aa6692e5dba74e9d2a5dffffef7a5870075f14e570088641200229904804826012092490088641200229904804826012092490088641200229904804826012092490088641200229904804826012092490088641200229904804826012092490088641200229904804826012092490088641200229904804826012092490088641200229904804826012092490088641200229904804826012092490088641200229904804826012092490088641200229904804826012092490088641200229904804826012092490088641200229904804826012092490088641200229904804826012092490088641200229904804826012092490088641200229904804826012092490088641200229904804826012092490088641200229904804826012092490088641200229904804826012092490088641200229904804826012092490088641200229904804826012092490088641200229904804826012092490088fe054508a6a42523ea2c0000000049454e44ae426082, 0, 2),
(26, 'asd', 'asd', 'asd@asd.com', '$2y$12$IT.Kjho4N7iHqenT4htNouv9VZYW.brepbRuKlcNwMeqO3mMdd9MS', 0x89504e470d0a1a0a0000000d49484452000001f4000001f4080200000044b448dd000001376943435041646f6265205247422028313939382900002891958fbf4ac3501487bf1b45c5a15608e2e0702751506cd5c18c495b8a2058ab4392ad49439562126eae7ffa108e6e1d5cdc7d022747c141f1097c03c5a98343840c058bdff49ddf391cce01a362d79d865186f358ab76d391aee7cbd917669802804e98a576ab7500102771c418dfef0880d74dbbee34c6fb7f321fa64a032360bb1b6521880ad0bfd2a9063104cca09f6a100f80a94eda35104f40a997fb1b500a72ff004acaf57c105f80d9733d1f8c39c00c725f014c1d5d6b805a920ed459ef54cbaa6559d2ee2641248f07998ece33b91f87894a13d5d15117c8ef0360311f6c371db956b5acbdf57ffe3d11d7f3656e9f4708402c3d17594178a12e7f55183b93eb62c770190eef617a5464bb3770b7010bb745b65a85f2163c0e7f00c0c64ffdf3533fc8000000097048597300000b1300000b1301009a9c180000064a69545874584d4c3a636f6d2e61646f62652e786d7000000000003c3f787061636b657420626567696e3d22efbbbf222069643d2257354d304d7043656869487a7265537a4e54637a6b633964223f3e203c783a786d706d65746120786d6c6e733a783d2261646f62653a6e733a6d6574612f2220783a786d70746b3d2241646f626520584d5020436f726520362e302d633030362037392e3136343735332c20323032312f30322f31352d31313a35323a31332020202020202020223e203c7264663a52444620786d6c6e733a7264663d22687474703a2f2f7777772e77332e6f72672f313939392f30322f32322d7264662d73796e7461782d6e7323223e203c7264663a4465736372697074696f6e207264663a61626f75743d222220786d6c6e733a786d703d22687474703a2f2f6e732e61646f62652e636f6d2f7861702f312e302f2220786d6c6e733a786d704d4d3d22687474703a2f2f6e732e61646f62652e636f6d2f7861702f312e302f6d6d2f2220786d6c6e733a73744576743d22687474703a2f2f6e732e61646f62652e636f6d2f7861702f312e302f73547970652f5265736f757263654576656e74232220786d6c6e733a70686f746f73686f703d22687474703a2f2f6e732e61646f62652e636f6d2f70686f746f73686f702f312e302f2220786d6c6e733a64633d22687474703a2f2f7075726c2e6f72672f64632f656c656d656e74732f312e312f2220786d703a43726561746f72546f6f6c3d2241646f62652050686f746f73686f702032322e33202857696e646f7773292220786d703a437265617465446174653d22323032332d30392d31365431313a35333a32302b30333a30302220786d703a4d65746164617461446174653d22323032332d30392d31365431313a35333a32302b30333a30302220786d703a4d6f64696679446174653d22323032332d30392d31365431313a35333a32302b30333a30302220786d704d4d3a496e7374616e636549443d22786d702e6969643a31383231663861662d653261342d316334352d393538632d3038313061396130323563342220786d704d4d3a446f63756d656e7449443d2261646f62653a646f6369643a70686f746f73686f703a34373337613238372d663939642d633034662d623765612d3033643965666337643661382220786d704d4d3a4f726967696e616c446f63756d656e7449443d22786d702e6469643a33393939373431352d396561662d626434362d393539372d323862666163316362316133222070686f746f73686f703a436f6c6f724d6f64653d2233222064633a666f726d61743d22696d6167652f706e67223e203c786d704d4d3a486973746f72793e203c7264663a5365713e203c7264663a6c692073744576743a616374696f6e3d2263726561746564222073744576743a696e7374616e636549443d22786d702e6969643a33393939373431352d396561662d626434362d393539372d323862666163316362316133222073744576743a7768656e3d22323032332d30392d31365431313a35333a32302b30333a3030222073744576743a736f6674776172654167656e743d2241646f62652050686f746f73686f702032322e33202857696e646f777329222f3e203c7264663a6c692073744576743a616374696f6e3d227361766564222073744576743a696e7374616e636549443d22786d702e6969643a31383231663861662d653261342d316334352d393538632d303831306139613032356334222073744576743a7768656e3d22323032332d30392d31365431313a35333a32302b30333a3030222073744576743a736f6674776172654167656e743d2241646f62652050686f746f73686f702032322e33202857696e646f777329222073744576743a6368616e6765643d222f222f3e203c2f7264663a5365713e203c2f786d704d4d3a486973746f72793e203c70686f746f73686f703a546578744c61796572733e203c7264663a4261673e203c7264663a6c692070686f746f73686f703a4c617965724e616d653d22455343222070686f746f73686f703a4c61796572546578743d22455343222f3e203c2f7264663a4261673e203c2f70686f746f73686f703a546578744c61796572733e203c2f7264663a4465736372697074696f6e3e203c2f7264663a5244463e203c2f783a786d706d6574613e203c3f787061636b657420656e643d2272223f3e1b72b5760000105849444154789cedddf151db58a3c6e1b3776e03da124c09a604538229c1946097404a3025e0124c097609b8045c82ee1f62d87c9bdc2f48962cf1f23c73269399dd2029647e1647d2d15f750120cdff8cbd0300f44fdc0102893b402071070824ee0081c41d2090b8030412778040e20e1048dc0102893b402071070824ee0081c41d2090b8030412778040e20e1048dc0102893b402071070824ee0081c41d2090b8030412778040e20e1048dc0102893b402071070824ee0081c41d2090b8030412778040e20e1048dc0102893b402071070824ee0081c41d2090b8030412778040e20e1048dc0102893b402071070824ee0081c41d2090b8030412778040e20e1048dc0102893b402071070824ee0081c41d2090b8030412778040e20e1048dc0102893b402071070824ee0081c41d2090b8030412778040e20e1048dc0102893b402071070824ee0081c41d2090b8030412778040e20e1048dc0102893b402071070824ee0081c41d2090b8030412778040e20e1048dc0102893b402071070824ee0081c41d2090b8030412778040e20e1048dc0102893b402071070824ee0081c41d2090b8030412778040e20e1048dc0102893b402071070824ee0081c41d2090b8030412778040e20e1048dc0102893b402071070824ee0081c41d2090b8030412778040e20e1048dc0102893b402071070824ee0081c41d2090b8030412778040e20e1048dc0102893b402071070824ee0081c41d2090b8030412778040e20e1048dc0102893b402071070824ee0081c41d2090b8030412778040e20e1048dc0102893b402071070824ee0081c41d2090b8030412778040e20e1048dc0102893b402071070824ee0081c41d2090b8030412778040e20e1048dc0102893b402071070824ee0081c41d2090b8030412778040e20e1048dc0102893b402071070824ee0081c41d2090b8030412778040e20e1048dc0102893b402071070824ee0081c41d2090b8030412778040e20e1048dc0102893b402071070824ee0081c41d2090b8030412778040e20e1048dc0102893b402071070824ee0081c41d2090b8030412778040e20e1048dc0102893b402071070824ee0081c41d2090b8030412778040e20e1048dc0102893b402071070824ee0081c41d2090b8030412778040e20e1048dc0102893b40a0ff1d7b07e032b35999cdca7cfecfef7f763a95d3a994528ec77f7eff252c16a5aade0f67b1f88fff743e97e3b194524ea7723e97979711768fc9fbab1e7b0fe8d3e3e37be6a663b3792f518fe6f3b25894c5a2cce7a5aa5afcc12685c763d9eda618fae6a09ae36ae578fce7b8a0511b4963bfafa766b1e8ede8aaaa5eafebd7d77e76ec70a8d7ebbaaac6ffaecde7f5765bbfbdf5735cdb6dbd5c8e7f50c6d863fc3d30fa1ca9719fcdeaed7690dd7b7b1b33f18bc550dfb2d7d77ab51aff1fa431de187f0f8c3e475edcabaa7e7c1c7c279bc45ff33b355cd67f26f1df788cbf07469f232cee8b456f93309fb1df5fe314beaa86fa29e4bf1cd76c36fe3f4ee3bac3ad904cd57a5df6fb7fdffd32a8c5a2bcbe0e7b45bad9c46a35e0267ebbd1c3e1da1b656ce2ce246db7e5f17184ed56d5801d6c3eae5addded397aa2adb6dd96e47d834231177a667bb1df93473bbfdf7ade5bd7ccd513eae7eb65a95ed769c4f17ae4edc9998d1cbde787eee737e662207554a59adcaf3f3d83bc135883b53b25a4d2582cd3c462fa653f6c662617ee63b10772663361b7fe2e267f37959af2ffd22ebf5b4cade58ad7a3834a64ddc998c094e073f3e5e74bbce7239ad8fab9f3d3ef67f5d8129b17018d3d0aca9d2cdc78a31bf2e62339b95aa2acb65f709f4f5ba3c3c74f983b3d9d4673fb6db727b5bcee7b1f783618c7ea7bdd1e768f510d37e3ffe0e7f8c6ecff57cfe09ccd9ac5eaf3baedfd2edc9a6cb1f287b7eaed7ebdf3f05369bd5cb65fdf878e9435e577e2ed7b8e2187f0f8c3ec7178d7b557509d376db3abbb3597d38b4de508727f857ab2e47d468bbdccd7279d10789875743c7f87b60f439be68dc3ba4b0f3296755d5cfcfedb6f5fcdc7a139d9778ecf089f5f177d86da3dbedf8ff008c01c6f87b60f439be68dcdbcec95cb8e755d57a36a3d5d75fafdb7df1c6dbdba58b7c75fbb9a4ee3aef644c7bb85b8609687b47ca8f1f176dee7c6e7d8df4f3d763abaacb5d86e773b9bb2b4f4fadffe0cf4ea77277d7e5d52813bc59938b893b13d0ea3e99d3a98717cbbdbcb47b13d3e7efd15cadbadcd0d92dcabf3a9fcbfd7deb1b60c43d91b8f3d5f4f57abc566fa4fbfc997b87d3f687873edf44783ab5feb9e4e325b4041177beabdedfec5a3a9db6ef7697cec6fcf66bb6fde1c6034d713cc4c477f5f252eeee3efb3f7ff2c785b6893c9fcb66d3ee8f7cd28f1fed7666b1b8f44a061323ee7c357d4d2034cfb5f6a87914b6951f3f7a9b65fa97e6a2c2e7af543b738f635a86afa6dbed2857d0a18fbd4fc8fcacd54585d2dfa726d320ee4c40dbb3d7f57a8a256abb4b4f4fc3aeebd2f6e792a9addac6654ccb3001ad26104a295555f6fbde6e1fec4bdb33f77e27857e753cb6dbc4355f57cbf0c49d097879695dc6e665a79bcde0e7bf9fd7eaccfd7c6e3d6dd256f36014df95691926a0f339ece363797d2debf5f8679d533b6de7db137726e0b74bb17f5255bd27fef9b9ac56a355beed762735a1442271671a2ebf6f64b92cdb6d797d2dafafefaf2dbde645d7b65723c59d81fd558fbd07f469bf6f313f703e0f9898e3b1f5e3398743ff39fe784953f3eb70dabe05fbefbfa772a980502ea87e635535ad47571e1ecae1d0f3d76c1e2cfa78b668b72bc763d9edfa7f74a8edb48cb23330d3324cc6f1d8f16da59fd7bcb1faf5b51c0e635e86753595e1893b53f2f43478df1bf3f93f97617bf9f165f4db75e03f893b1373b5be3796cbb2dfb7bb56f15be2cec4883bd3f3f4546e6f875a51ebb7168bf7c46b3429c49d493a1ecbededb517a15d2cdee7e2e1eb1377a6aa59ebfceeeeaa971f9b47a2b6dbeb6d118621ee4c5bf34a8d2b277eb52a87835512f9d2c49dafa049fccdcd806fb7f897f9bcecf72dfe7ff7ad3331e2ced7713a95cda6dcdcbc4fc70ffd04ff7cde627ec672024c8c2754f9823e161a6b1eb29dcfdf7feddd6a555e5efa5f9bd73d390c4fdcf9ca9a55d19bf80e14faedb6bcbcf43ceb22ee0ccfb4cc37f6f252fefa6ba871fdd74434a1df6ccaed6df9fbef727fdfcf047d557d6a45b0b6d77b27f89a40b2883b893e42ff31417f49e5d7ebfeef9c71f2cec0c49d74cde2c33737e5febee3fd94cdd2927fdc4a2bcedc1998b8f36dec76e5eeaedcdf779940ffe3ca336de33ea9c5964924ee7c334de2dbb6f88f67eee773bb999ff9dccc0c8372b70cdf4fb370fc7edf6e267d3effc347c2cb4bbb97312d97c32e9e339bb55b4761b7ebe165874c86b8f32d1d8fe5e9a9dd1a617ffc2468fbd3c06a356cdc178b76933f575ea68d81893ba3fafc23fee773b9bfef73d3bb5dbbb8cfe77fb81edbf66aed6c5656ab014f96db4eeb5f738d658627ee8c6ac4eb8abd2f18703a95e3b1dd6d30ebf55071ffcc1d3e3f3b9dc43d8c0baa8caaed45c8896bbb50c16c36d4f2f1ad66ff8bd7ba06127746d52aeead4e45ff68889b553a9c86afd7fd7f6875f8cc10f738e2cea8468c7bdb19a1cfdc1d7f3eb7ee7b5595edb6e72760db7ec1e6815eb2883ba36a15f77e2731da7e547c72573b54b2593bbeafbe6fb7ad3fb7943d526d248dfdbefebcfd7efc1d9ecf5bec705dd76f6ff57cdec37657ab76dbadeb7a361be4bbf0e170a8abead2e3da6ebb6cfaf387667c9d31fe1e187d8e2f17f752eab7b77625babceff379eb8dbebeb6fbfaddbcbdd58b45c7839acd3a7ea86cb7e3ff1b300618a665185bdb3981aa2afb7df7f999d5aacb1c48abeb8dc763c707829a43dbefdb5d62adaab25e97c3a1e37da59e5d4a35fac78bd1e7f88a67ee8b4597f3cd66ff97cb761bea766e5bd7ed36544a5d55ad7f38f897c3a15eafffdb844955d5cb65bddd5eb4a1c7c7f1ff0118c38cbfeab13f5de8d37edfe2f4ed7cbec69b3f3fb362c9e1d0fd76c0d3a9ec76ef2fdefbf59a6755bdbf9b69b9ec7eefe3e9546e6e5affa9e5b23c3f77dce2cf3ebe4dc763399fcb7c5eaaaacc663ddcca793a95db5baff68e35fac78bd1e7e87c663a9cf5facfbbbd5cf6b9c5c3a1e7bf87cf1cc26fc7e3639fbbd1bbcef3fbc65718e6dc9980ddaecf87689a53f5be9c4edd67a5379b6bfc6cd4cd66e3c1a56ce2ce343c3c4c747e60b3b9e88f77583bfe0a9e9e5c478d27ee4cc3e9541e1ec6de895ffcf871e9033ee7f3e43eb79e9ea6f8574ddfc49dc9685e693d1dcdcb577bf93ad3397f57f66f43dc99921f3fa6f232a0a6c8fd7eb5d1fbaeecdf89b833310f0fe307a879cf6abf7329e773b9bd1d73a67bb319ff2f962b1277a6e7e9a9dcdd8df6ee88cda6dcdf0f354b3ee817ffff1c8f237fae30067167925e5e46e8d17522b8db959b9b2b1ddaf95c369b727b3bfe8c105727ee4c5513a69b9b6bccc237f7ea5c2d825738b48f4d3861ffb6467f8ccae8737cd12754ff3866b3faf1f1d2d55a7eebf9b95eadc6fc96cd66f57a5dbfbef67644afaff57addc3eac1c6171fd696c9d26a6d99ebd86cfa3c795c2cdec725afa63b9fcbcb4b391ecb6e37a1b7422f97653eefbe06cef1585e5ede97d90171e7ab6a56046b56d16a42dffcfe57a753399dde97df6a7e9d78fe3e0ead591dece3007fd61c4b7368cd114dea39292640dc0102b9a00a1048dc0102893b402071070824ee0081c41d2090b8030412778040e20e1048dc0102893b402071070824ee0081c41d2090b8030412778040e20e1048dc0102893b402071070824ee0081c41d2090b8030412778040e20e1048dc0102893b402071070824ee0081c41d2090b8030412778040e20e1048dc0102893b402071070824ee0081c41d2090b8030412778040e20e1048dc0102893b402071070824ee0081c41d2090b8030412778040e20e1048dc0102893b402071070824ee0081c41d2090b8030412778040e20e1048dc0102893b402071070824ee0081c41d2090b8030412778040e20e1048dc0102893b402071070824ee0081c41d2090b8030412778040e20e1048dc0102893b402071070824ee0081c41d2090b8030412778040e20e1048dc0102893b402071070824ee0081c41d2090b8030412778040e20e1048dc0102893b402071070824ee0081c41d2090b8030412778040e20e1048dc0102893b402071070824ee0081c41d2090b8030412778040e20e1048dc0102893b402071070824ee0081c41d2090b8030412778040e20e1048dc0102893b402071070824ee0081c41d2090b8030412778040e20e1048dc0102893b402071070824ee0081c41d2090b8030412778040e20e1048dc0102893b402071070824ee0081c41d2090b8030412778040e20e1048dc0102893b402071070824ee0081c41d2090b8030412778040e20e1048dc0102893b402071070824ee0081c41d2090b8030412778040e20e1048dc0102893b402071070824ee0081c41d2090b8030412778040e20e1048dc0102893b402071070824ee0081c41d2090b8030412778040e20e1048dc0102893b402071070824ee0081c41d2090b8030412778040e20e1048dc0102893b402071070824ee0081c41d2090b8030412778040e20e1048dc0102893b402071070824ee0081c41d2090b8030412778040e20e1048dc0102893b402071070824ee0081c41d2090b8030412778040e20e1048dc0102893b402071070824ee0081c41d2090b8030412778040e20e1048dc0102893b4020710708f47f8e479903faf9ebb80000000049454e44ae426082, 0, 1);

--
-- Индексы сохранённых таблиц
--

--
-- Индексы таблицы `p2p`
--
ALTER TABLE `p2p`
  ADD PRIMARY KEY (`Id`),
  ADD KEY `IdUser` (`IdUser`),
  ADD KEY `IdPayment` (`IdPayment`);

--
-- Индексы таблицы `payment`
--
ALTER TABLE `payment`
  ADD PRIMARY KEY (`Id`);

--
-- Индексы таблицы `request`
--
ALTER TABLE `request`
  ADD PRIMARY KEY (`Id`),
  ADD KEY `IdUser` (`IdUser`);

--
-- Индексы таблицы `role`
--
ALTER TABLE `role`
  ADD PRIMARY KEY (`Id`);

--
-- Индексы таблицы `user`
--
ALTER TABLE `user`
  ADD PRIMARY KEY (`Id`),
  ADD KEY `IdRole` (`IdRole`);

--
-- AUTO_INCREMENT для сохранённых таблиц
--

--
-- AUTO_INCREMENT для таблицы `p2p`
--
ALTER TABLE `p2p`
  MODIFY `Id` int(11) NOT NULL AUTO_INCREMENT, AUTO_INCREMENT=7;

--
-- AUTO_INCREMENT для таблицы `payment`
--
ALTER TABLE `payment`
  MODIFY `Id` int(11) NOT NULL AUTO_INCREMENT, AUTO_INCREMENT=6;

--
-- AUTO_INCREMENT для таблицы `request`
--
ALTER TABLE `request`
  MODIFY `Id` int(11) NOT NULL AUTO_INCREMENT, AUTO_INCREMENT=4;

--
-- AUTO_INCREMENT для таблицы `role`
--
ALTER TABLE `role`
  MODIFY `Id` int(11) NOT NULL AUTO_INCREMENT, AUTO_INCREMENT=3;

--
-- AUTO_INCREMENT для таблицы `user`
--
ALTER TABLE `user`
  MODIFY `Id` int(11) NOT NULL AUTO_INCREMENT, AUTO_INCREMENT=27;

--
-- Ограничения внешнего ключа сохраненных таблиц
--

--
-- Ограничения внешнего ключа таблицы `p2p`
--
ALTER TABLE `p2p`
  ADD CONSTRAINT `p2p_ibfk_1` FOREIGN KEY (`IdUser`) REFERENCES `user` (`Id`),
  ADD CONSTRAINT `p2p_ibfk_2` FOREIGN KEY (`IdPayment`) REFERENCES `payment` (`Id`);

--
-- Ограничения внешнего ключа таблицы `request`
--
ALTER TABLE `request`
  ADD CONSTRAINT `request_ibfk_1` FOREIGN KEY (`IdUser`) REFERENCES `user` (`Id`);

--
-- Ограничения внешнего ключа таблицы `user`
--
ALTER TABLE `user`
  ADD CONSTRAINT `user_ibfk_1` FOREIGN KEY (`IdRole`) REFERENCES `role` (`Id`);
COMMIT;

/*!40101 SET CHARACTER_SET_CLIENT=@OLD_CHARACTER_SET_CLIENT */;
/*!40101 SET CHARACTER_SET_RESULTS=@OLD_CHARACTER_SET_RESULTS */;
/*!40101 SET COLLATION_CONNECTION=@OLD_COLLATION_CONNECTION */;
